-0.3599243015050888,0.3456571698188782,-0.0031446716748178005,-0.3706105798482895,0.27035433053970337,-0.013415503315627575,-0.39237315207719803,0.22724515199661255,-0.019611569121479988,-0.3549343943595886,0.33415770530700684,-0.02915051020681858,-0.3012898862361908,0.2744371294975281,-0.03631751611828804,-0.2979072034358978,0.3082513213157654,-0.02797008864581585,-0.310907706618309,0.33503514528274536,-0.02306189015507698,-0.33689433336257935,0.3626648783683777,-0.04140789806842804,-0.2797708511352539,0.30588674545288086,-0.05110460892319679,-0.28378966450691223,0.3464391231536865,-0.038483552634716034,-0.2994711697101593,0.3652527332305908,-0.029626963660120964,-0.31513945758342743,0.39528214931488037,-0.05121276155114174,-0.2676464021205902,0.3401680588722229,-0.054348111152648926,-0.2715543210506439,0.3733265995979309,-0.036751411855220795,-0.28619953989982605,0.39493924379348755,-0.024285616353154182,-0.29155394434928894,0.43131816387176514,-0.06101256236433983,-0.2597641348838806,0.36203306913375854,-0.06110968813300133,-0.23767463862895966,0.3299432396888733,-0.053896039724349976,-0.22209331393241882,0.29768502712249756,-0.04849709942936897,0,0,0,0,0,0,0,0,0,0,0,0,0,0,0,0,0,0,0,0,0,0,0,0,0,0,0,0,0,0,0,0,0,0,0,0,0,0,0,0,0,0,0,0,0,0,0,0,0,0,0,0,0,0,0,0,0
-0.29189079999923706,0.37634170055389404,0.019102012738585472,-0.2764107286930084,0.3293219804763794,0.006887263152748346,-0.26513156294822693,0.30594563484191895,-0.0031694055069237947,-0.35076649487018585,0.31754904985427856,-0.00924939475953579,-0.28491947054862976,0.28574836254119873,-0.019568439573049545,-0.27410583198070526,0.32421332597732544,-0.02057897485792637,-0.2803206443786621,0.3497444987297058,-0.02280598133802414,-0.35350941121578217,0.3468360900878906,-0.034664686769247055,-0.27336056530475616,0.31481921672821045,-0.047512251883745193,-0.2693176567554474,0.36435431241989136,-0.044023383408784866,-0.2802986353635788,0.38602858781814575,-0.043632663786411285,-0.3449932932853699,0.38099098205566406,-0.05635086074471474,-0.26936593651771545,0.3475518822669983,-0.05906374752521515,-0.26562751829624176,0.3956412672996521,-0.04198693111538887,-0.2754324674606323,0.4251871109008789,-0.03335040807723999,-0.3299768418073654,0.418398916721344,-0.07776404172182083,-0.2793114483356476,0.3760588765144348,-0.07469842582941055,-0.26543308794498444,0.38230085372924805,-0.06216902658343315,-0.2616022378206253,0.3864138126373291,-0.05541549250483513,0,0,0,0,0,0,0,0,0,0,0,0,0,0,0,0,0,0,0,0,0,0,0,0,0,0,0,0,0,0,0,0,0,0,0,0,0,0,0,0,0,0,0,0,0,0,0,0,0,0,0,0,0,0,0,0,0
-0.26410193741321564,0.35186952352523804,0.010340648703277111,-0.2741336226463318,0.31873786449432373,0.005658038426190615,-0.28348521888256073,0.2964553236961365,0.0016542405355721712,-0.26042844355106354,0.3042788505554199,-0.00975735206156969,-0.2688385099172592,0.2861585021018982,-0.01396797876805067,-0.26972611248493195,0.31041836738586426,-0.012933842837810516,-0.2677459120750427,0.33057260513305664,-0.013252836652100086,-0.26879529654979706,0.31028133630752563,-0.02211850695312023,-0.28188231587409973,0.3040010929107666,-0.024658450856804848,-0.2796662300825119,0.3352811336517334,-0.01906602270901203,-0.2733287513256073,0.3512539267539978,-0.018020547926425934,-0.2805503010749817,0.32559776306152344,-0.032609209418296814,-0.29150016605854034,0.3190611004829407,-0.032054007053375244,-0.287310391664505,0.35117876529693604,-0.023361995816230774,-0.2791157215833664,0.3702505826950073,-0.02126946672797203,-0.29337917268276215,0.3463473916053772,-0.04284529387950897,-0.30545076727867126,0.34327876567840576,-0.04251269996166229,-0.2990197390317917,0.3690941333770752,-0.03679254278540611,-0.2901346981525421,0.38666337728500366,-0.03461473807692528,-0.24588389694690704,0.37600308656692505,0.015944059938192368,-0.2410295605659485,0.32286036014556885,0.008470739237964153,-0.23487024009227753,0.2866332530975342,0.0024103419855237007,-0.29285670816898346,0.29927247762680054,0.016352569684386253,-0.25481322407722473,0.2942633032798767,0.008277129381895065,-0.2458559274673462,0.3485803008079529,0.0036517337430268526,-0.24956727027893066,0.38037192821502686,-0.001082051545381546,-0.3095279484987259,0.3169777989387512,-0.0052046747878193855,-0.2649336904287338,0.3223761320114136,-0.023006621748209,-0.2578250616788864,0.38598763942718506,-0.032449960708618164,-0.2613874524831772,0.42491888999938965,-0.03826139122247696,-0.3215421736240387,0.3466939330101013,-0.026471758261322975,-0.2784837633371353,0.35197556018829346,-0.04000725597143173,-0.2694231867790222,0.4142680764198303,-0.03909040614962578,-0.2716728150844574,0.4542747735977173,-0.03725743293762207,-0.3329301029443741,0.38328295946121216,-0.04828022047877312,-0.3267141431570053,0.335360586643219,-0.06111661344766617,-0.3200964331626892,0.30420732498168945,-0.0660344660282135,-0.31531988084316254,0.26953327655792236,-0.06906135380268097
-0.2307547926902771,0.39330238103866577,-0.020872339606285095,-0.22512289881706238,0.36498385667800903,-0.033206284046173096,-0.22635024785995483,0.3531262278556824,-0.04428522288799286,-0.2581555247306824,0.30628329515457153,-0.029621770605444908,-0.23990879952907562,0.31790173053741455,-0.04444129765033722,-0.24230726063251495,0.3753543496131897,-0.04891544580459595,-0.2485000342130661,0.41528093814849854,-0.05130719393491745,-0.28055135905742645,0.3089568018913269,-0.035428617149591446,-0.2640467435121536,0.3450419306755066,-0.0545765683054924,-0.2639612853527069,0.4090667963027954,-0.0586223378777504,-0.26609358191490173,0.45569896697998047,-0.061138588935136795,-0.2975998818874359,0.3280882239341736,-0.04098314791917801,-0.28398899734020233,0.35690003633499146,-0.05814012885093689,-0.27994950115680695,0.4145839214324951,-0.057297732681035995,-0.2787759006023407,0.4550734758377075,-0.05535108596086502,-0.3119538724422455,0.3536313772201538,-0.04791876673698425,-0.318954735994339,0.32132142782211304,-0.06423689424991608,-0.32345737516880035,0.2922847270965576,-0.07030569016933441,-0.3253384232521057,0.26473140716552734,-0.07379277795553207,-0.22009986639022827,0.39335107803344727,-0.01591636799275875,-0.19809982180595398,0.3404567241668701,-0.02902352251112461,-0.17270314693450928,0.3055444359779358,-0.039647944271564484,-0.2714521884918213,0.3160947561264038,-0.002495227148756385,-0.24292589724063873,0.3149738311767578,-0.01619563065469265,-0.24235641956329346,0.37927889823913574,-0.022421974688768387,-0.24868179857730865,0.41708123683929443,-0.02641548588871956,-0.29456891119480133,0.32499873638153076,-0.012721375562250614,-0.2631068229675293,0.33806246519088745,-0.03643481433391571,-0.262187123298645,0.4069024920463562,-0.04879665747284889,-0.2676818370819092,0.45044511556625366,-0.05403170734643936,-0.31482061743736267,0.3478853702545166,-0.024214735254645348,-0.2879333347082138,0.35602492094039917,-0.04406842216849327,-0.2809617519378662,0.42113107442855835,-0.04743557050824165,-0.28023768961429596,0.4623715877532959,-0.045477960258722305,-0.33414579927921295,0.37480777502059937,-0.03755468130111694,-0.33324187994003296,0.32224297523498535,-0.05223733186721802,-0.3298152685165405,0.288605272769928,-0.05872304365038872,-0.3244531601667404,0.25251704454421997,-0.06160316988825798
-0.23112943768501282,0.4185640215873718,-0.02429022639989853,-0.2153106927871704,0.37820881605148315,-0.03791455924510956,-0.2044147253036499,0.35572803020477295,-0.04971085861325264,-0.25704456865787506,0.3370147943496704,-0.031547918915748596,-0.24572277069091797,0.32294535636901855,-0.047276683151721954,-0.24920439720153809,0.3784135580062866,-0.05140024051070213,-0.25435152649879456,0.42074692249298096,-0.05333768203854561,-0.2800579071044922,0.3323514461517334,-0.03628608211874962,-0.2717892974615097,0.35358792543411255,-0.05766336992383003,-0.27416175603866577,0.425403892993927,-0.062224242836236954,-0.27754780650138855,0.47506821155548096,-0.06342888623476028,-0.30129583179950714,0.34329748153686523,-0.0410110242664814,-0.2959086149930954,0.36817383766174316,-0.05974612012505531,-0.2942100167274475,0.43247556686401367,-0.06016283109784126,-0.29450152814388275,0.475350558757782,-0.057885460555553436,-0.32173003256320953,0.3604045510292053,-0.04705961048603058,-0.3284233808517456,0.32592201232910156,-0.06409453600645065,-0.3325987011194229,0.29934585094451904,-0.07109019160270691,-0.3360302150249481,0.27051401138305664,-0.07445026189088821,-0.22040393948554993,0.4067246913909912,-0.016903260722756386,-0.196014404296875,0.355149507522583,-0.031472768634557724,-0.16908970475196838,0.3234228491783142,-0.04336918145418167,-0.27313897013664246,0.3278595209121704,-0.0027026806492358446,-0.25017881393432617,0.318570613861084,-0.018189311027526855,-0.2506074756383896,0.386940598487854,-0.025219840928912163,-0.25642549991607666,0.42786383628845215,-0.029421506449580193,-0.2975889593362808,0.3353689908981323,-0.013514718040823936,-0.27153199911117554,0.341783344745636,-0.040010809898376465,-0.2708473652601242,0.41239362955093384,-0.05406886339187622,-0.27611637115478516,0.45651423931121826,-0.059496279805898666,-0.31944307684898376,0.3569648861885071,-0.02565089613199234,-0.29702328145504,0.35769355297088623,-0.04717345908284187,-0.2901092618703842,0.4257451295852661,-0.050877783447504044,-0.2894996106624603,0.471562922000885,-0.048248954117298126,-0.3403387665748596,0.38048267364501953,-0.0396200530230999,-0.34035824239254,0.32117247581481934,-0.05387274548411369,-0.33760780096054077,0.282764732837677,-0.060065146535634995,-0.3332573175430298,0.2440493106842041,-0.06257761269807816
-0.2392384260892868,0.38520848751068115,0.0073331790044903755,-0.2326449751853943,0.3233593702316284,-0.001114089973270893,-0.2310824692249298,0.2960019111633301,-0.006837305147200823,-0.2953892946243286,0.3163253664970398,0.010725444182753563,-0.25831328332424164,0.2986266016960144,0.002667707623913884,-0.2471575140953064,0.35527241230010986,0.0002068677422357723,-0.25130610167980194,0.38922202587127686,-0.0026748969685286283,-0.3138183057308197,0.3310173749923706,-0.0068867625668644905,-0.27255047857761383,0.3281063437461853,-0.021672943606972694,-0.2614808976650238,0.3916110396385193,-0.029556941241025925,-0.2659180909395218,0.423012912273407,-0.03459009900689125,-0.3275880366563797,0.35683852434158325,-0.024652475491166115,-0.28926989436149597,0.35255587100982666,-0.035900332033634186,-0.27507053315639496,0.4125130772590637,-0.03616547957062721,-0.2763027846813202,0.4504047632217407,-0.035013094544410706,-0.33927902579307556,0.3877828121185303,-0.04327396675944328,-0.3390340507030487,0.33076012134552,-0.052960630506277084,-0.3357422649860382,0.2879766821861267,-0.0584852360188961,-0.3346411734819412,0.2448333501815796,-0.06250389665365219,0,0,0,0,0,0,0,0,0,0,0,0,0,0,0,0,0,0,0,0,0,0,0,0,0,0,0,0,0,0,0,0,0,0,0,0,0,0,0,0,0,0,0,0,0,0,0,0,0,0,0,0,0,0,0,0,0
-0.25888691842556,0.38268035650253296,-0.00042414231575094163,-0.2578490823507309,0.33100372552871704,-0.011681701056659222,-0.259046271443367,0.3040224313735962,-0.021530957892537117,-0.33227789402008057,0.3282148838043213,-0.009663773700594902,-0.2723354995250702,0.2899414896965027,-0.01795797236263752,-0.2552381902933121,0.3362942337989807,-0.020322009921073914,-0.258651539683342,0.37190133333206177,-0.023563778027892113,-0.3399609327316284,0.34085172414779663,-0.024582987651228905,-0.26664724946022034,0.3035092353820801,-0.03364015370607376,-0.2521945536136627,0.35401982069015503,-0.03631872683763504,-0.25690773129463196,0.3881798982620239,-0.04066963121294975,-0.3354283571243286,0.36169523000717163,-0.03764886409044266,-0.26428666710853577,0.32064926624298096,-0.03977099433541298,-0.2519201636314392,0.369828999042511,-0.03382961079478264,-0.25780966877937317,0.4070051908493042,-0.03334544226527214,-0.32342536747455597,0.38959717750549316,-0.05151285603642464,-0.27035799622535706,0.35062116384506226,-0.04906072840094566,-0.25464795529842377,0.3756781816482544,-0.04227264225482941,-0.2535106688737869,0.40217816829681396,-0.03999430313706398,0,0,0,0,0,0,0,0,0,0,0,0,0,0,0,0,0,0,0,0,0,0,0,0,0,0,0,0,0,0,0,0,0,0,0,0,0,0,0,0,0,0,0,0,0,0,0,0,0,0,0,0,0,0,0,0,0
-0.3661818355321884,0.361430287361145,-0.009914718568325043,-0.3834935799241066,0.2943542003631592,-0.020794937387108803,-0.4084684029221535,0.2662767767906189,-0.02796212024986744,-0.3540342003107071,0.3547348976135254,-0.03934002295136452,-0.3132852613925934,0.2691531777381897,-0.049716684967279434,-0.30783219635486603,0.29859989881515503,-0.044551245868206024,-0.31583763659000397,0.3317285180091858,-0.04157794266939163,-0.3280937075614929,0.37592822313308716,-0.04887379705905914,-0.28708139061927795,0.2931232452392578,-0.05967329442501068,-0.28965483605861664,0.32876551151275635,-0.04824709892272949,-0.3029771000146866,0.3576449751853943,-0.04122885316610336,-0.30065470933914185,0.3976430892944336,-0.0559864342212677,-0.2673286348581314,0.31802505254745483,-0.0586036778986454,-0.2690616399049759,0.34537070989608765,-0.041089363396167755,-0.27985425293445587,0.37009358406066895,-0.03045731596648693,-0.2739248424768448,0.42010432481765747,-0.06334574520587921,-0.24397438764572144,0.33564072847366333,-0.06459713727235794,-0.22762492299079895,0.2987365126609802,-0.056740421801805496,-0.2179999053478241,0.2663452625274658,-0.05124187842011452,0,0,0,0,0,0,0,0,0,0,0,0,0,0,0,0,0,0,0,0,0,0,0,0,0,0,0,0,0,0,0,0,0,0,0,0,0,0,0,0,0,0,0,0,0,0,0,0,0,0,0,0,0,0,0,0,0
-0.36651939153671265,0.3663724660873413,-0.004706358537077904,-0.38392356783151627,0.2918631434440613,-0.015590119175612926,-0.4137038439512253,0.26152414083480835,-0.022074222564697266,-0.35559743642807007,0.35897451639175415,-0.04226592183113098,-0.31227225065231323,0.2714967727661133,-0.05257008969783783,-0.3104575425386429,0.30504804849624634,-0.04315175488591194,-0.3236767649650574,0.3380967974662781,-0.036722924560308456,-0.3262683004140854,0.3815844655036926,-0.054148752242326736,-0.28533217310905457,0.2953411936759949,-0.06716988235712051,-0.2877979576587677,0.33248740434646606,-0.05148261785507202,-0.3010087013244629,0.3542085289955139,-0.039795905351638794,-0.2972145080566406,0.4039826989173889,-0.06278282403945923,-0.2648473381996155,0.31847983598709106,-0.06741616129875183,-0.2669467031955719,0.348293662071228,-0.04565276578068733,-0.28006164729595184,0.37474602460861206,-0.03007381036877632,-0.26907168328762054,0.42610085010528564,-0.07127631455659866,-0.24315252900123596,0.34396302700042725,-0.07131239026784897,-0.22441434860229492,0.3059607148170471,-0.06182505562901497,-0.21314400434494019,0.2698746919631958,-0.054617803543806076,0,0,0,0,0,0,0,0,0,0,0,0,0,0,0,0,0,0,0,0,0,0,0,0,0,0,0,0,0,0,0,0,0,0,0,0,0,0,0,0,0,0,0,0,0,0,0,0,0,0,0,0,0,0,0,0,0
-0.3555813729763031,0.3573274612426758,0.005650235805660486,-0.36682194471359253,0.2808881998062134,-0.0020893048495054245,-0.39324579387903214,0.24701541662216187,-0.005326494108885527,-0.3559267222881317,0.3417201042175293,-0.021727655082941055,-0.30709733068943024,0.2672358751296997,-0.026812607422471046,-0.30092908442020416,0.3010203242301941,-0.017972560599446297,-0.3111637234687805,0.3293594717979431,-0.013178259134292603,-0.3343236446380615,0.36462223529815674,-0.036088038235902786,-0.28201088309288025,0.29473698139190674,-0.04514339938759804,-0.2818260192871094,0.33496958017349243,-0.03362992778420448,-0.2947085350751877,0.35124123096466064,-0.025722160935401917,-0.30928462743759155,0.38809317350387573,-0.047383587807416916,-0.26483026146888733,0.31972014904022217,-0.04903107509016991,-0.265041708946228,0.35359543561935425,-0.03119816817343235,-0.27734673023223877,0.3766492009162903,-0.018967071548104286,-0.2823091596364975,0.41304129362106323,-0.058322835713624954,-0.25239354372024536,0.34085601568222046,-0.05570061877369881,-0.2323731929063797,0.3066985011100769,-0.04760099947452545,-0.21938836574554443,0.27121782302856445,-0.042158618569374084,0,0,0,0,0,0,0,0,0,0,0,0,0,0,0,0,0,0,0,0,0,0,0,0,0,0,0,0,0,0,0,0,0,0,0,0,0,0,0,0,0,0,0,0,0,0,0,0,0,0,0,0,0,0,0,0,0
-0.26669934391975403,0.37972092628479004,0.024554265663027763,-0.2708829641342163,0.32805073261260986,0.01602056808769703,-0.279019832611084,0.29073566198349,0.008153674192726612,-0.3393161743879318,0.32748228311538696,0.008048765361309052,-0.28089791536331177,0.280856192111969,0.0014656638959422708,-0.2605305016040802,0.32707345485687256,-0.0012436643010005355,-0.25920233130455017,0.36387842893600464,-0.005519603379070759,-0.34593456983566284,0.34602802991867065,-0.01671905256807804,-0.2693280577659607,0.2993885278701782,-0.029896123334765434,-0.2520057111978531,0.3586617708206177,-0.03543573617935181,-0.2539462298154831,0.405409038066864,-0.04089006036520004,-0.33969639241695404,0.3699546456336975,-0.038486868143081665,-0.265555277466774,0.32849735021591187,-0.045661792159080505,-0.24831965565681458,0.38695216178894043,-0.04105731099843979,-0.2494378536939621,0.43547970056533813,-0.040353551506996155,-0.3248363137245178,0.39918869733810425,-0.059713173657655716,-0.27297644317150116,0.3527246117591858,-0.062290117144584656,-0.2541799396276474,0.3747712969779968,-0.05768999457359314,-0.24846231937408447,0.4002588987350464,-0.05638569965958595,0,0,0,0,0,0,0,0,0,0,0,0,0,0,0,0,0,0,0,0,0,0,0,0,0,0,0,0,0,0,0,0,0,0,0,0,0,0,0,0,0,0,0,0,0,0,0,0,0,0,0,0,0,0,0,0,0
-0.21726420521736145,0.4165762662887573,-0.013991746120154858,-0.19913282990455627,0.36458855867385864,-0.030546754598617554,-0.17872890830039978,0.3271358013153076,-0.043125659227371216,-0.2594650685787201,0.324870228767395,0.0026939217932522297,-0.2327631115913391,0.30457592010498047,-0.00968784000724554,-0.22960522770881653,0.370172381401062,-0.015287250280380249,-0.2368202805519104,0.40913254022598267,-0.019206376746296883,-0.2818111777305603,0.3340425491333008,-0.010745890438556671,-0.25253966450691223,0.32497745752334595,-0.03453850373625755,-0.25059235095977783,0.3968225121498108,-0.045791223645210266,-0.2576248496770859,0.4314157962799072,-0.04950474947690964,-0.3030843138694763,0.3507186770439148,-0.02518554776906967,-0.27783113718032837,0.3443988561630249,-0.04246538504958153,-0.27026964724063873,0.41291189193725586,-0.04296112805604935,-0.27206936478614807,0.44952285289764404,-0.039066676050424576,-0.3253343105316162,0.3720203638076782,-0.04118523746728897,-0.32782861590385437,0.3111785650253296,-0.05090566352009773,-0.3230747580528259,0.2722742557525635,-0.054234910756349564,-0.31901751458644867,0.2266877293586731,-0.05561399087309837,0,0,0,0,0,0,0,0,0,0,0,0,0,0,0,0,0,0,0,0,0,0,0,0,0,0,0,0,0,0,0,0,0,0,0,0,0,0,0,0,0,0,0,0,0,0,0,0,0,0,0,0,0,0,0,0,0
-0.217095285654068,0.41868138313293457,-0.015515503473579884,-0.1901654601097107,0.37356388568878174,-0.028280645608901978,-0.1646462082862854,0.3485507369041443,-0.03788066655397415,-0.26239247620105743,0.3399280309677124,-0.005932924337685108,-0.23967081308364868,0.31560570001602173,-0.020324861630797386,-0.23842370510101318,0.38033461570739746,-0.024466142058372498,-0.2430715411901474,0.4211869239807129,-0.026508664712309837,-0.2861378490924835,0.3451499342918396,-0.01510961726307869,-0.2634788155555725,0.33077913522720337,-0.040239930152893066,-0.2594935894012451,0.40378648042678833,-0.050857141613960266,-0.2611282467842102,0.4426230788230896,-0.05337560921907425,-0.309500128030777,0.3638456463813782,-0.02541668526828289,-0.2897378206253052,0.3499675393104553,-0.04491226747632027,-0.28043805062770844,0.42014163732528687,-0.04676927626132965,-0.27759209275245667,0.463408887386322,-0.042857471853494644,-0.3322133868932724,0.3867805004119873,-0.03720461204648018,-0.33750826120376587,0.3244447112083435,-0.048936497420072556,-0.33904507756233215,0.2860453128814697,-0.054102059453725815,-0.3385224938392639,0.2416551113128662,-0.05604645237326622,0,0,0,0,0,0,0,0,0,0,0,0,0,0,0,0,0,0,0,0,0,0,0,0,0,0,0,0,0,0,0,0,0,0,0,0,0,0,0,0,0,0,0,0,0,0,0,0,0,0,0,0,0,0,0,0,0
-0.24628998339176178,0.37895750999450684,0.010667802765965462,-0.24967755377292633,0.3210081458091736,-0.0005213000113144517,-0.2526678740978241,0.2858133912086487,-0.010222585871815681,-0.3127622902393341,0.3074098825454712,0.004930886439979076,-0.24990695714950562,0.2861703038215637,-0.0033617562148720026,-0.23900331556797028,0.33680158853530884,-0.005776452831923962,-0.2472192347049713,0.36708372831344604,-0.009127379395067692,-0.3259577751159668,0.3194526433944702,-0.015712037682533264,-0.2495269626379013,0.29584479331970215,-0.028371723368763924,-0.24276228249073029,0.35529202222824097,-0.0314190611243248,-0.25356994569301605,0.3885264992713928,-0.03404458984732628,-0.32841262221336365,0.3446441888809204,-0.034546732902526855,-0.2547219395637512,0.32184481620788574,-0.0403745099902153,-0.24834907054901123,0.3832237124443054,-0.03215278312563896,-0.25975172221660614,0.41878360509872437,-0.028227368369698524,-0.3231697678565979,0.37963777780532837,-0.0538373664021492,-0.2682974636554718,0.35521167516708374,-0.05226347595453262,-0.2590687572956085,0.3943819999694824,-0.043004732578992844,-0.26558324694633484,0.42353683710098267,-0.03797515854239464,0,0,0,0,0,0,0,0,0,0,0,0,0,0,0,0,0,0,0,0,0,0,0,0,0,0,0,0,0,0,0,0,0,0,0,0,0,0,0,0,0,0,0,0,0,0,0,0,0,0,0,0,0,0,0,0,0
-0.3303833156824112,0.36072617769241333,0.0032022951636463404,-0.3381888121366501,0.2847170829772949,-0.006591835990548134,-0.3573569357395172,0.251024067401886,-0.012515121139585972,-0.33551229536533356,0.36329442262649536,-0.034663327038288116,-0.2941266596317291,0.2695251703262329,-0.0433645136654377,-0.28724752366542816,0.3002023696899414,-0.03492780029773712,-0.29487623274326324,0.33323514461517334,-0.030004404485225677,-0.31124547123908997,0.38991719484329224,-0.04928576573729515,-0.2669958472251892,0.2987029552459717,-0.06195329874753952,-0.2653399705886841,0.3322235345840454,-0.04886418208479881,-0.2762776017189026,0.3541274070739746,-0.03947245702147484,-0.2844030559062958,0.4134456515312195,-0.05994884669780731,-0.24725964665412903,0.3276199698448181,-0.06413713097572327,-0.24561364948749542,0.3544117212295532,-0.04355664923787117,-0.2551194727420807,0.37705421447753906,-0.02949902042746544,-0.25792326033115387,0.4364471435546875,-0.06985815614461899,-0.22864405810832977,0.35530537366867065,-0.07033911347389221,-0.21061328053474426,0.3174709677696228,-0.06072109565138817,-0.1987714171409607,0.2808533310890198,-0.053699541836977005,0,0,0,0,0,0,0,0,0,0,0,0,0,0,0,0,0,0,0,0,0,0,0,0,0,0,0,0,0,0,0,0,0,0,0,0,0,0,0,0,0,0,0,0,0,0,0,0,0,0,0,0,0,0,0,0,0
-0.3355042487382889,0.36055564880371094,0.0009127557277679443,-0.3430999517440796,0.27909159660339355,-0.008937270380556583,-0.36514605581760406,0.24036240577697754,-0.014565824531018734,-0.33568571507930756,0.36750614643096924,-0.04097278416156769,-0.29788346588611603,0.27139145135879517,-0.05110209062695503,-0.2931356281042099,0.3022129535675049,-0.04047605022788048,-0.30234643816947937,0.3360605239868164,-0.0329439640045166,-0.3078659325838089,0.3925921320915222,-0.054436344653367996,-0.2693732678890228,0.2956518530845642,-0.06883961707353592,-0.26905979216098785,0.33049142360687256,-0.05220484361052513,-0.27989864349365234,0.353008508682251,-0.03903822600841522,-0.2789510637521744,0.413659930229187,-0.0641385093331337,-0.24705755710601807,0.3224272131919861,-0.07025016099214554,-0.24808073043823242,0.3498930335044861,-0.04732991009950638,-0.2590881288051605,0.37611156702041626,-0.030210023745894432,-0.2507792264223099,0.43328845500946045,-0.07306384295225143,-0.22353263199329376,0.3497122526168823,-0.07432401180267334,-0.20663681626319885,0.3083024024963379,-0.06399311125278473,-0.19597485661506653,0.27038758993148804,-0.05562372878193855,0,0,0,0,0,0,0,0,0,0,0,0,0,0,0,0,0,0,0,0,0,0,0,0,0,0,0,0,0,0,0,0,0,0,0,0,0,0,0,0,0,0,0,0,0,0,0,0,0,0,0,0,0,0,0,0,0
-0.32459673285484314,0.36444997787475586,0.010171517729759216,-0.3253612816333771,0.2841023802757263,0.001180275809019804,-0.33628828823566437,0.2398739457130432,-0.003982358146458864,-0.3410351872444153,0.3540438413619995,-0.02533048950135708,-0.2937179058790207,0.26933348178863525,-0.030834969133138657,-0.28420494496822357,0.29734498262405396,-0.021497292444109917,-0.29171594977378845,0.3227296471595764,-0.01642453297972679,-0.32441699504852295,0.3817652463912964,-0.0426173210144043,-0.27085474133491516,0.30097317695617676,-0.053171101957559586,-0.2663435637950897,0.335360586643219,-0.04081783816218376,-0.27628372609615326,0.35261690616607666,-0.03201697766780853,-0.3023185282945633,0.40533900260925293,-0.05558859184384346,-0.25441505014896393,0.33089882135391235,-0.05790584906935692,-0.24998682737350464,0.3595561385154724,-0.037772465497255325,-0.2601138800382614,0.3801424503326416,-0.02397417463362217,-0.27728554606437683,0.4284248352050781,-0.06755687296390533,-0.24577444791793823,0.3527396321296692,-0.0655752420425415,-0.2291283905506134,0.3203294277191162,-0.0553026907145977,-0.2206997275352478,0.287922739982605,-0.048125024884939194,0,0,0,0,0,0,0,0,0,0,0,0,0,0,0,0,0,0,0,0,0,0,0,0,0,0,0,0,0,0,0,0,0,0,0,0,0,0,0,0,0,0,0,0,0,0,0,0,0,0,0,0,0,0,0,0,0
-0.24072784185409546,0.3842272162437439,0.00681163789704442,-0.24050617218017578,0.32846081256866455,-0.004701592028141022,-0.23990240693092346,0.2880633473396301,-0.015298251993954182,-0.29716016352176666,0.30284029245376587,0.010756615549325943,-0.2404443621635437,0.2754461169242859,0.0003826481115538627,-0.22259676456451416,0.3240545988082886,-0.006167250219732523,-0.22571679949760437,0.3612057566642761,-0.01255579199641943,-0.3096756935119629,0.31081312894821167,-0.010018526576459408,-0.24224841594696045,0.2898004651069641,-0.026523364707827568,-0.22939448058605194,0.34857380390167236,-0.03503907844424248,-0.23636384308338165,0.3871285915374756,-0.04158168286085129,-0.31539013981819153,0.3338084816932678,-0.030611969530582428,-0.24926674365997314,0.3224841356277466,-0.043564584106206894,-0.23772862553596497,0.3810322880744934,-0.04319334775209427,-0.24564020335674286,0.4203789234161377,-0.043876126408576965,-0.3153011202812195,0.36711442470550537,-0.05196522921323776,-0.2649705410003662,0.35359591245651245,-0.05805790424346924,-0.2513163536787033,0.38969796895980835,-0.05606173723936081,-0.25432848930358887,0.4183509945869446,-0.0556563101708889,0,0,0,0,0,0,0,0,0,0,0,0,0,0,0,0,0,0,0,0,0,0,0,0,0,0,0,0,0,0,0,0,0,0,0,0,0,0,0,0,0,0,0,0,0,0,0,0,0,0,0,0,0,0,0,0,0
-0.1872963011264801,0.41976648569107056,-0.013545959256589413,-0.1611291766166687,0.3731216788291931,-0.028829628601670265,-0.13302859663963318,0.3495487570762634,-0.04043905809521675,-0.22925834357738495,0.34490156173706055,0.004879051353782415,-0.20860418677330017,0.3206622004508972,-0.009064111858606339,-0.20886579155921936,0.3842122554779053,-0.015197415836155415,-0.21561282873153687,0.4254934787750244,-0.01849120296537876,-0.2538045644760132,0.3468310236930847,-0.007069079205393791,-0.2304905503988266,0.33561766147613525,-0.03171540051698685,-0.2304704487323761,0.4079282283782959,-0.04498925432562828,-0.23648428916931152,0.4474554657936096,-0.04917514696717262,-0.2776736915111542,0.3579829931259155,-0.02050979621708393,-0.2563513070344925,0.34597915410995483,-0.037888284772634506,-0.25064846873283386,0.4152801036834717,-0.040696121752262115,-0.25210756063461304,0.4553239941596985,-0.03789382800459862,-0.30193208158016205,0.3695288300514221,-0.035806600004434586,-0.3025358319282532,0.30345118045806885,-0.04419870302081108,-0.2976803332567215,0.26343339681625366,-0.048594649881124496,-0.2922837436199188,0.21803265810012817,-0.050935130566358566,0,0,0,0,0,0,0,0,0,0,0,0,0,0,0,0,0,0,0,0,0,0,0,0,0,0,0,0,0,0,0,0,0,0,0,0,0,0,0,0,0,0,0,0,0,0,0,0,0,0,0,0,0,0,0,0,0
-0.19322100281715393,0.4230576753616333,-0.0136070866137743,-0.16467326879501343,0.37910234928131104,-0.027985094115138054,-0.13486948609352112,0.36141473054885864,-0.039357058703899384,-0.23382256925106049,0.34526902437210083,-0.0035590832121670246,-0.21408790349960327,0.32288414239883423,-0.01940304785966873,-0.21654155850410461,0.3884766101837158,-0.02490222454071045,-0.2213744819164276,0.43073952198028564,-0.027843404561281204,-0.2590409517288208,0.3492291569709778,-0.01555997971445322,-0.23769158124923706,0.3420124650001526,-0.04298877343535423,-0.23729641735553741,0.4152732491493225,-0.05555582419037819,-0.23979029059410095,0.4595299959182739,-0.05903670936822891,-0.28378164768218994,0.3655247688293457,-0.028766049072146416,-0.26492519676685333,0.3583323359489441,-0.049911729991436005,-0.2600373923778534,0.42785024642944336,-0.05204956233501434,-0.25849319994449615,0.47286903858184814,-0.048057619482278824,-0.30774354934692383,0.3830423951148987,-0.04355303570628166,-0.3085014224052429,0.31667017936706543,-0.05679896101355553,-0.3070418983697891,0.27342045307159424,-0.06232311576604843,-0.3020455837249756,0.22764354944229126,-0.0644131526350975,0,0,0,0,0,0,0,0,0,0,0,0,0,0,0,0,0,0,0,0,0,0,0,0,0,0,0,0,0,0,0,0,0,0,0,0,0,0,0,0,0,0,0,0,0,0,0,0,0,0,0,0,0,0,0,0,0
-0.22842398285865784,0.413102924823761,0.03205188363790512,-0.23967339098453522,0.3481614589691162,0.031320855021476746,-0.2569505274295807,0.3084145784378052,0.03247227892279625,-0.27087071537971497,0.3397318124771118,0.027544140815734863,-0.2330457717180252,0.31169700622558594,0.02645757794380188,-0.22315114736557007,0.36137449741363525,0.028649279847741127,-0.22631913423538208,0.3941159248352051,0.028241261839866638,-0.2863345295190811,0.3467174172401428,0.0058618951588869095,-0.24051785469055176,0.33277642726898193,-0.003924010321497917,-0.22911538183689117,0.39941829442977905,-0.010399270802736282,-0.23162244260311127,0.43471837043762207,-0.014290510676801205,-0.2970903217792511,0.36634451150894165,-0.014555157162249088,-0.2534814178943634,0.35629528760910034,-0.02161133848130703,-0.23956778645515442,0.4204961657524109,-0.023070931434631348,-0.24249906837940216,0.46240007877349854,-0.023087596520781517,-0.3067140579223633,0.3947107791900635,-0.03426402807235718,-0.30265146493911743,0.3379446268081665,-0.0418022945523262,-0.3003142178058624,0.29916268587112427,-0.048598431050777435,-0.3014761656522751,0.2616000175476074,-0.05354033783078194,0,0,0,0,0,0,0,0,0,0,0,0,0,0,0,0,0,0,0,0,0,0,0,0,0,0,0,0,0,0,0,0,0,0,0,0,0,0,0,0,0,0,0,0,0,0,0,0,0,0,0,0,0,0,0,0,0
-0.31356412172317505,0.3777809143066406,0.005913680884987116,-0.3204938918352127,0.2997336983680725,-0.0028264557477086782,-0.3366771340370178,0.253223180770874,-0.007265137042850256,-0.32620611786842346,0.37302255630493164,-0.02632838301360607,-0.28220169246196747,0.28499484062194824,-0.034876029938459396,-0.2667120546102524,0.3088419437408447,-0.024708321318030357,-0.2698841840028763,0.3364633321762085,-0.017278380692005157,-0.30611975491046906,0.39792126417160034,-0.04073142260313034,-0.2553469091653824,0.3089873194694519,-0.05398906022310257,-0.24550843238830566,0.3419453501701355,-0.039666205644607544,-0.2540721446275711,0.3631057143211365,-0.027092713862657547,-0.28190839290618896,0.42077845335006714,-0.05215638875961304,-0.23781456053256989,0.33819788694381714,-0.05870187282562256,-0.22961823642253876,0.3666045665740967,-0.037688739597797394,-0.2383151799440384,0.3905143737792969,-0.02064305730164051,-0.2562049329280853,0.44156163930892944,-0.06297481805086136,-0.23020467162132263,0.3618237376213074,-0.06462722271680832,-0.21342793107032776,0.32308727502822876,-0.05527880787849426,-0.20474857091903687,0.2858661413192749,-0.046856679022312164,0,0,0,0,0,0,0,0,0,0,0,0,0,0,0,0,0,0,0,0,0,0,0,0,0,0,0,0,0,0,0,0,0,0,0,0,0,0,0,0,0,0,0,0,0,0,0,0,0,0,0,0,0,0,0,0,0
-0.32835035026073456,0.3693353533744812,0.000913968135137111,-0.3420324921607971,0.29259181022644043,-0.009405352175235748,-0.364182211458683,0.2526476979255676,-0.016175126656889915,-0.33850812911987305,0.38189399242401123,-0.03542768582701683,-0.29641735553741455,0.2834564447402954,-0.04296300932765007,-0.2863791137933731,0.314399778842926,-0.034179434180259705,-0.2924628257751465,0.34777742624282837,-0.02950144186615944,-0.31515249609947205,0.4095715880393982,-0.04976470768451691,-0.27114248275756836,0.30995720624923706,-0.06116577237844467,-0.2670828253030777,0.3399818539619446,-0.048676710575819016,-0.275988832116127,0.36518627405166626,-0.040458571165800095,-0.28796426951885223,0.4314040541648865,-0.05995386466383934,-0.2506384551525116,0.3402320146560669,-0.06313116103410721,-0.24685686826705933,0.36302947998046875,-0.04308619722723961,-0.2547509968280792,0.3850499391555786,-0.030160164460539818,-0.26041847467422485,0.4508136510848999,-0.06955359876155853,-0.23618103563785553,0.36451590061187744,-0.07022863626480103,-0.22335880994796753,0.32705652713775635,-0.06052984297275543,-0.21620750427246094,0.29199427366256714,-0.05375586077570915,0,0,0,0,0,0,0,0,0,0,0,0,0,0,0,0,0,0,0,0,0,0,0,0,0,0,0,0,0,0,0,0,0,0,0,0,0,0,0,0,0,0,0,0,0,0,0,0,0,0,0,0,0,0,0,0,0
-0.30642642080783844,0.3751171827316284,0.007060004398226738,-0.3097955584526062,0.3014071583747864,-0.007168156560510397,-0.3171589970588684,0.25608569383621216,-0.01838652230799198,-0.3408072590827942,0.36626648902893066,-0.02668057754635811,-0.29027748107910156,0.27985119819641113,-0.0344884917140007,-0.2761639356613159,0.31609290838241577,-0.029583299532532692,-0.28143779933452606,0.35066622495651245,-0.02845020405948162,-0.32790786027908325,0.3960620164871216,-0.04764382541179657,-0.26743100583553314,0.3092777729034424,-0.0591292642056942,-0.2587512880563736,0.34846270084381104,-0.050995904952287674,-0.2674155980348587,0.37384700775146484,-0.04704448580741882,-0.30718910694122314,0.4194960594177246,-0.06376874446868896,-0.2499670386314392,0.3432914614677429,-0.06403239071369171,-0.24416197836399078,0.3770008087158203,-0.043837711215019226,-0.2535906881093979,0.40079307556152344,-0.033392857760190964,-0.2819700092077255,0.43914639949798584,-0.07953613996505737,-0.2451101690530777,0.3675183653831482,-0.07429841160774231,-0.23321768641471863,0.36907291412353516,-0.05995456874370575,-0.2311338186264038,0.3704007863998413,-0.051942311227321625,0,0,0,0,0,0,0,0,0,0,0,0,0,0,0,0,0,0,0,0,0,0,0,0,0,0,0,0,0,0,0,0,0,0,0,0,0,0,0,0,0,0,0,0,0,0,0,0,0,0,0,0,0,0,0,0,0
-0.23742803931236267,0.38199424743652344,0.01744794473052025,-0.23617826402187347,0.3267015218734741,0.007211341988295317,-0.2350960373878479,0.2801222801208496,-0.0016243922291323543,-0.29014869034290314,0.3068816661834717,0.014673687517642975,-0.24598409235477448,0.282890260219574,0.006903145927935839,-0.23158763349056244,0.32860827445983887,0.0019056027522310615,-0.23320727050304413,0.36484217643737793,-0.003635403234511614,-0.3048868775367737,0.32700979709625244,-0.009841629303991795,-0.25086772441864014,0.31390631198883057,-0.024623414501547813,-0.23903913795948029,0.3694572448730469,-0.03261520713567734,-0.23959407210350037,0.4065227508544922,-0.03959208354353905,-0.3121451437473297,0.3560354709625244,-0.03360118344426155,-0.2593626081943512,0.3479451537132263,-0.04359227418899536,-0.2470807433128357,0.4011550545692444,-0.04121667891740799,-0.24642431735992432,0.4404434561729431,-0.04066045954823494,-0.31544429063796997,0.39443594217300415,-0.05777397006750107,-0.3089904487133026,0.3459567427635193,-0.06930402666330338,-0.30801355838775635,0.30872976779937744,-0.07353730499744415,-0.3076452314853668,0.2732276916503906,-0.07718641310930252,0,0,0,0,0,0,0,0,0,0,0,0,0,0,0,0,0,0,0,0,0,0,0,0,0,0,0,0,0,0,0,0,0,0,0,0,0,0,0,0,0,0,0,0,0,0,0,0,0,0,0,0,0,0,0,0,0
-0.19069969654083252,0.43627846240997314,-0.013139165006577969,-0.16557222604751587,0.3868354558944702,-0.027605261653661728,-0.13953208923339844,0.35750555992126465,-0.03818301111459732,-0.2347915917634964,0.35606157779693604,0.010234571062028408,-0.21283328533172607,0.32826024293899536,-0.0011229502269998193,-0.21422725915908813,0.3916410207748413,-0.006567760836333036,-0.2222762405872345,0.4320189952850342,-0.009811234660446644,-0.2584342509508133,0.35668784379959106,-0.0008785633835941553,-0.23346558213233948,0.3416338562965393,-0.022974738851189613,-0.23516607284545898,0.41401052474975586,-0.036444585770368576,-0.2432367503643036,0.4514140486717224,-0.04088323190808296,-0.281998872756958,0.3670731782913208,-0.013786978088319302,-0.2608093023300171,0.3528825044631958,-0.02951611950993538,-0.25591468811035156,0.42297041416168213,-0.03339536860585213,-0.25875622034072876,0.46280986070632935,-0.03130527213215828,-0.30687034130096436,0.3795238733291626,-0.028462529182434082,-0.3092675358057022,0.31336045265197754,-0.03586776182055473,-0.30517953634262085,0.2745257019996643,-0.04071297124028206,-0.301083043217659,0.2292419672012329,-0.0433221310377121,0,0,0,0,0,0,0,0,0,0,0,0,0,0,0,0,0,0,0,0,0,0,0,0,0,0,0,0,0,0,0,0,0,0,0,0,0,0,0,0,0,0,0,0,0,0,0,0,0,0,0,0,0,0,0,0,0
-0.2093343436717987,0.4270918369293213,-0.012512818910181522,-0.18795695900917053,0.37292224168777466,-0.025007186457514763,-0.16925904154777527,0.3452027440071106,-0.03413666412234306,-0.25457771122455597,0.34820711612701416,-0.0034495024010539055,-0.22959044575691223,0.32381075620651245,-0.018131833523511887,-0.2289256453514099,0.3929719924926758,-0.021875953301787376,-0.23353992402553558,0.43612605333328247,-0.023720068857073784,-0.27719928324222565,0.35520315170288086,-0.014753584749996662,-0.24990835785865784,0.3459066152572632,-0.04103381559252739,-0.2473278045654297,0.4240466356277466,-0.05169357359409332,-0.250622034072876,0.46612870693206787,-0.05396231263875961,-0.3004550337791443,0.3754706382751465,-0.027184991165995598,-0.27528806030750275,0.36540687084198,-0.04687783122062683,-0.2696797251701355,0.438251256942749,-0.04714732617139816,-0.27090486884117126,0.48105746507644653,-0.0421987846493721,-0.3240898549556732,0.3976159691810608,-0.041297029703855515,-0.3256836086511612,0.32936733961105347,-0.053169336169958115,-0.32442164421081543,0.28848856687545776,-0.057631731033325195,-0.3213007152080536,0.24160945415496826,-0.05907978117465973,0,0,0,0,0,0,0,0,0,0,0,0,0,0,0,0,0,0,0,0,0,0,0,0,0,0,0,0,0,0,0,0,0,0,0,0,0,0,0,0,0,0,0,0,0,0,0,0,0,0,0,0,0,0,0,0,0
-0.2432137131690979,0.39356958866119385,0.017138272523880005,-0.2525579631328583,0.3326913118362427,0.00783965177834034,-0.26552486419677734,0.2940819263458252,0.0006544793141074479,-0.29779039323329926,0.3317450284957886,0.004673648625612259,-0.24625761806964874,0.3019430637359619,-0.006262355949729681,-0.22799921035766602,0.35230833292007446,-0.007013191469013691,-0.2311595231294632,0.38354748487472534,-0.008819486945867538,-0.3116270452737808,0.34906983375549316,-0.018789559602737427,-0.24584434926509857,0.3202335834503174,-0.037518758326768875,-0.23013228178024292,0.38454246520996094,-0.03935801982879639,-0.2364194244146347,0.41298413276672363,-0.039551589637994766,-0.316301167011261,0.37652403116226196,-0.04115495830774307,-0.2530296891927719,0.3479169011116028,-0.05652303621172905,-0.23655018210411072,0.4095972776412964,-0.05043289437890053,-0.24374863505363464,0.45121312141418457,-0.044409655034542084,-0.31485415995121,0.41369348764419556,-0.063040591776371,-0.2821512967348099,0.36999666690826416,-0.07326620072126389,-0.2692486643791199,0.3684659004211426,-0.07242885231971741,-0.27159617841243744,0.36684978008270264,-0.07109443843364716,0,0,0,0,0,0,0,0,0,0,0,0,0,0,0,0,0,0,0,0,0,0,0,0,0,0,0,0,0,0,0,0,0,0,0,0,0,0,0,0,0,0,0,0,0,0,0,0,0,0,0,0,0,0,0,0,0
-0.329009473323822,0.37507373094558716,0.004546683747321367,-0.34077897667884827,0.2992347478866577,-0.007568157743662596,-0.3601732924580574,0.2587215304374695,-0.015434578992426395,-0.3457300364971161,0.37621307373046875,-0.029819952324032784,-0.30187833309173584,0.28513920307159424,-0.04018706828355789,-0.2879321128129959,0.3078938126564026,-0.03173404186964035,-0.29165586829185486,0.3388482332229614,-0.026247680187225342,-0.32740503549575806,0.4033907651901245,-0.047879964113235474,-0.2753811478614807,0.3086712956428528,-0.06258536130189896,-0.2650034874677658,0.3431575298309326,-0.048304587602615356,-0.2736804187297821,0.36604827642440796,-0.03686698526144028,-0.30276499688625336,0.42686927318573,-0.06269484758377075,-0.25911396741867065,0.33732712268829346,-0.0706716999411583,-0.24963921308517456,0.36481940746307373,-0.04870560020208359,-0.2567835599184036,0.3922678232192993,-0.031872935593128204,-0.2743266373872757,0.44997578859329224,-0.07678437978029251,-0.2527380585670471,0.3662399649620056,-0.0807647779583931,-0.24022772908210754,0.32336199283599854,-0.07127143442630768,-0.2355160117149353,0.28668010234832764,-0.06300464272499084,0,0,0,0,0,0,0,0,0,0,0,0,0,0,0,0,0,0,0,0,0,0,0,0,0,0,0,0,0,0,0,0,0,0,0,0,0,0,0,0,0,0,0,0,0,0,0,0,0,0,0,0,0,0,0,0,0
-0.3291507661342621,0.376619815826416,0.003995679318904877,-0.34394538402557373,0.2985779643058777,-0.00906472560018301,-0.36348073184490204,0.2576937675476074,-0.01876991055905819,-0.3571408689022064,0.38267993927001953,-0.0282211322337389,-0.30838680267333984,0.28659361600875854,-0.03622632101178169,-0.29250597953796387,0.32037293910980225,-0.031017856672406197,-0.2969483882188797,0.3556000590324402,-0.029860958456993103,-0.34306272864341736,0.41283726692199707,-0.04741450399160385,-0.28434793651103973,0.31315457820892334,-0.060348812490701675,-0.2732861489057541,0.3470407724380493,-0.05381951481103897,-0.2808869034051895,0.3708377480506897,-0.05085208639502525,-0.32090672850608826,0.43439924716949463,-0.062002334743738174,-0.26586343348026276,0.3478829264640808,-0.065134197473526,-0.25621189177036285,0.3781696557998657,-0.0477437898516655,-0.2631632387638092,0.40488600730895996,-0.03774049133062363,-0.29375146329402924,0.4530322551727295,-0.07624801248311996,-0.26378658413887024,0.37051355838775635,-0.0754074826836586,-0.24992260336875916,0.34322333335876465,-0.06541908532381058,-0.24461732804775238,0.3210349678993225,-0.05941391736268997,0,0,0,0,0,0,0,0,0,0,0,0,0,0,0,0,0,0,0,0,0,0,0,0,0,0,0,0,0,0,0,0,0,0,0,0,0,0,0,0,0,0,0,0,0,0,0,0,0,0,0,0,0,0,0,0,0
-0.2511245459318161,0.39185798168182373,0.019801221787929535,-0.2526119500398636,0.33669304847717285,0.012423000298440456,-0.25296081602573395,0.29763734340667725,0.0047616478987038136,-0.3295016586780548,0.3542371988296509,0.012143087573349476,-0.27849939465522766,0.28852248191833496,0.006288341712206602,-0.2485097199678421,0.31454193592071533,0.0008547278121113777,-0.23764890432357788,0.34461599588394165,-0.00551037909463048,-0.3371983468532562,0.3677448034286499,-0.010122359730303288,-0.2685094028711319,0.30039411783218384,-0.020514849573373795,-0.24116113781929016,0.34943145513534546,-0.028446650132536888,-0.23228664696216583,0.39754074811935425,-0.03674688562750816,-0.33202263712882996,0.38621097803115845,-0.030758338049054146,-0.2625071257352829,0.33123791217803955,-0.03630855679512024,-0.23879308998584747,0.38464123010635376,-0.036086082458496094,-0.23185743391513824,0.4343140125274658,-0.039411935955286026,-0.3170151263475418,0.4115356206893921,-0.051675647497177124,-0.2739171236753464,0.35157454013824463,-0.05695383623242378,-0.2512972354888916,0.3614138960838318,-0.05718402564525604,-0.2390550971031189,0.3793010711669922,-0.0593428760766983,0,0,0,0,0,0,0,0,0,0,0,0,0,0,0,0,0,0,0,0,0,0,0,0,0,0,0,0,0,0,0,0,0,0,0,0,0,0,0,0,0,0,0,0,0,0,0,0,0,0,0,0,0,0,0,0,0
-0.19485008716583252,0.45566481351852417,-0.012882739305496216,-0.17342740297317505,0.39340531826019287,-0.028188612312078476,-0.15583568811416626,0.3480265140533447,-0.039153169840574265,-0.23546546697616577,0.3602544069290161,0.010158910416066647,-0.20763328671455383,0.33932459354400635,-0.0006096146535128355,-0.20830851793289185,0.40381288528442383,-0.005903041921555996,-0.21755772829055786,0.44039636850357056,-0.0093556372448802,-0.2591131627559662,0.3639293313026428,-0.002851959317922592,-0.2258051633834839,0.3479841351509094,-0.024646641686558723,-0.2286067008972168,0.42682820558547974,-0.034306153655052185,-0.23944510519504547,0.4623785614967346,-0.036511797457933426,-0.28215526044368744,0.37716853618621826,-0.01780451275408268,-0.25374798476696014,0.3622547388076782,-0.032232437282800674,-0.25107434391975403,0.4384605884552002,-0.030772246420383453,-0.2570897489786148,0.47938013076782227,-0.025561122223734856,-0.3058095872402191,0.39788269996643066,-0.03462585434317589,-0.30394792556762695,0.3267506957054138,-0.04119661822915077,-0.2980937659740448,0.28503501415252686,-0.042933277785778046,-0.2940678745508194,0.2363138198852539,-0.043334994465112686,0,0,0,0,0,0,0,0,0,0,0,0,0,0,0,0,0,0,0,0,0,0,0,0,0,0,0,0,0,0,0,0,0,0,0,0,0,0,0,0,0,0,0,0,0,0,0,0,0,0,0,0,0,0,0,0,0
-0.2033708691596985,0.4351431131362915,-0.01098613440990448,-0.17903903126716614,0.3820739984512329,-0.02372969686985016,-0.1545235812664032,0.3564409017562866,-0.03294311463832855,-0.2505670487880707,0.35638427734375,0.0011721024056896567,-0.22458642721176147,0.33307474851608276,-0.011744676157832146,-0.22496700286865234,0.3984564542770386,-0.014921159483492374,-0.23016434907913208,0.4410010576248169,-0.016535943374037743,-0.27346840500831604,0.36290013790130615,-0.010441349819302559,-0.24558864533901215,0.3560253381729126,-0.0353788323700428,-0.24560198187828064,0.43240898847579956,-0.04624774679541588,-0.2501323074102402,0.4748024344444275,-0.048519205302000046,-0.2961592376232147,0.3812452554702759,-0.02313285507261753,-0.27116867899894714,0.374453067779541,-0.042110562324523926,-0.2680767774581909,0.44511276483535767,-0.04313090443611145,-0.2701844274997711,0.4880640506744385,-0.038347277790308,-0.31831666827201843,0.4019274115562439,-0.03735174238681793,-0.3198182284832001,0.33402079343795776,-0.04850303754210472,-0.3194354921579361,0.29066169261932373,-0.05322563275694847,-0.31645768880844116,0.24412864446640015,-0.05480291321873665,0,0,0,0,0,0,0,0,0,0,0,0,0,0,0,0,0,0,0,0,0,0,0,0,0,0,0,0,0,0,0,0,0,0,0,0,0,0,0,0,0,0,0,0,0,0,0,0,0,0,0,0,0,0,0,0,0
-0.2439468502998352,0.3961458206176758,0.0021329065784811974,-0.25290319323539734,0.34042447805404663,-0.011269018054008484,-0.2636833041906357,0.3071984052658081,-0.023320740088820457,-0.2959114760160446,0.33699947595596313,-0.005915792193263769,-0.25765669345855713,0.29485881328582764,-0.02494911476969719,-0.23389533162117004,0.3297126889228821,-0.03228459507226944,-0.22958876192569733,0.36141467094421387,-0.03747336566448212,-0.3065561354160309,0.35669606924057007,-0.027521029114723206,-0.2615145891904831,0.3081163167953491,-0.056768596172332764,-0.23627716302871704,0.34881532192230225,-0.06680348515510559,-0.23228389024734497,0.3848739266395569,-0.07083819806575775,-0.31170517206192017,0.38636380434036255,-0.04947033151984215,-0.27134253084659576,0.33967387676239014,-0.07526516169309616,-0.2431192398071289,0.3710099458694458,-0.07853247970342636,-0.23523454368114471,0.40682607889175415,-0.07725811749696732,-0.31116369366645813,0.4244663715362549,-0.0714171752333641,-0.2964099198579788,0.37169814109802246,-0.09084215760231018,-0.27957479655742645,0.3506365418434143,-0.09711383283138275,-0.27256689965724945,0.3403078317642212,-0.10005694627761841,0,0,0,0,0,0,0,0,0,0,0,0,0,0,0,0,0,0,0,0,0,0,0,0,0,0,0,0,0,0,0,0,0,0,0,0,0,0,0,0,0,0,0,0,0,0,0,0,0,0,0,0,0,0,0,0,0
-0.34420691430568695,0.3521333336830139,-0.003124926472082734,-0.3577449545264244,0.2874279022216797,-0.015317133627831936,-0.37539490312337875,0.25165802240371704,-0.025744987651705742,-0.3600350320339203,0.3676179051399231,-0.031677886843681335,-0.3219659626483917,0.29050153493881226,-0.04102708026766777,-0.3057476580142975,0.28912872076034546,-0.03778308629989624,-0.30274318158626556,0.29590171575546265,-0.03590023145079613,-0.3417269438505173,0.3927410840988159,-0.044337350875139236,-0.2980927526950836,0.3016977310180664,-0.057624876499176025,-0.2852669954299927,0.3135834336280823,-0.04918026924133301,-0.28449738025665283,0.3305101990699768,-0.042466577142477036,-0.3183441013097763,0.4129052758216858,-0.053131964057683945,-0.27977459132671356,0.3268577456474304,-0.0577605664730072,-0.2690220922231674,0.3359963297843933,-0.03852813318371773,-0.26873743534088135,0.3511267304420471,-0.0256601944565773,-0.29205837845802307,0.42870771884918213,-0.06187222898006439,-0.2679026871919632,0.3531503677368164,-0.0592438280582428,-0.25764916837215424,0.3449229598045349,-0.044792093336582184,-0.2529620826244354,0.3426598310470581,-0.03480847552418709,-0.33933529257774353,0.3814011216163635,0.012567468918859959,-0.3506115600466728,0.3070187568664551,0.002560173626989126,-0.3687511384487152,0.2585960030555725,-0.004901804029941559,-0.36079733818769455,0.3744810223579407,-0.009868047200143337,-0.31693071126937866,0.28837621212005615,-0.013900982216000557,-0.2960570156574249,0.2952958941459656,-0.008603930473327637,-0.2905339300632477,0.3101464509963989,-0.005680161528289318,-0.3430674076080322,0.39545559883117676,-0.02697654254734516,-0.2919476628303528,0.3033842444419861,-0.03413348272442818,-0.27213479578495026,0.3212273120880127,-0.026431970298290253,-0.26987357437610626,0.33972418308258057,-0.020207583904266357,-0.31810732185840607,0.41162967681884766,-0.0405145138502121,-0.27343183755874634,0.3241376280784607,-0.03867185115814209,-0.25563114881515503,0.33624619245529175,-0.020957311615347862,-0.25399062037467957,0.3553353548049927,-0.009409870952367783,-0.2890867292881012,0.4251432418823242,-0.05332908779382706,-0.2648100256919861,0.34213775396347046,-0.04664576053619385,-0.25056859850883484,0.32248854637145996,-0.033800702542066574,-0.24479208886623383,0.31099551916122437,-0.025054147467017174
-0.33189499378204346,0.39585942029953003,0.04019268974661827,-0.32465459406375885,0.3387896418571472,0.033638738095760345,-0.3153747022151947,0.2987823486328125,0.027773788198828697,-0.37595872581005096,0.366939902305603,0.006658640690147877,-0.3233223855495453,0.2801695466041565,0.004796602763235569,-0.29856468737125397,0.3103545904159546,0.007220068480819464,-0.2948234975337982,0.3466574549674988,0.006054585333913565,-0.3681557774543762,0.3800124526023865,-0.022168170660734177,-0.3026546537876129,0.28913789987564087,-0.026492947712540627,-0.27912992238998413,0.33392333984375,-0.0233718603849411,-0.27863383293151855,0.3743990659713745,-0.024761609733104706,-0.3495413810014725,0.3906508684158325,-0.045818179845809937,-0.2875521183013916,0.30844300985336304,-0.040734630078077316,-0.2661118358373642,0.3540109395980835,-0.028095731511712074,-0.2640591859817505,0.3953090310096741,-0.02530064806342125,-0.32459044456481934,0.40184110403060913,-0.06778584420681,-0.2838046997785568,0.3343138098716736,-0.06051525101065636,-0.2650623321533203,0.35491472482681274,-0.05005767568945885,-0.25801846385002136,0.37926119565963745,-0.046167559921741486,0,0,0,0,0,0,0,0,0,0,0,0,0,0,0,0,0,0,0,0,0,0,0,0,0,0,0,0,0,0,0,0,0,0,0,0,0,0,0,0,0,0,0,0,0,0,0,0,0,0,0,0,0,0,0,0,0
-0.27516859769821167,0.3905220627784729,0.03658096864819527,-0.2784239649772644,0.33990782499313354,0.03353800252079964,-0.2874894142150879,0.3105201721191406,0.031048458069562912,-0.34538768231868744,0.3332926630973816,0.0305247250944376,-0.29478177428245544,0.28489673137664795,0.028340661898255348,-0.26971639692783356,0.32103651762008667,0.024849388748407364,-0.26335662603378296,0.35160064697265625,0.01956965960562229,-0.35377345979213715,0.35137301683425903,0.003113878658041358,-0.28446850180625916,0.29997479915618896,-0.005633804481476545,-0.261544868350029,0.3494463562965393,-0.01434714812785387,-0.2558313012123108,0.387833833694458,-0.023247092962265015,-0.3502102941274643,0.37302452325820923,-0.022928444668650627,-0.28555431962013245,0.32198524475097656,-0.02915693074464798,-0.26325398683547974,0.3688066005706787,-0.029616618528962135,-0.25490567088127136,0.4139765501022339,-0.031794223934412,-0.33685359358787537,0.40242862701416016,-0.048424649983644485,-0.3191070258617401,0.3362399935722351,-0.0582086481153965,-0.309362068772316,0.29000842571258545,-0.06381445378065109,-0.3015042692422867,0.25464004278182983,-0.06891006231307983,0,0,0,0,0,0,0,0,0,0,0,0,0,0,0,0,0,0,0,0,0,0,0,0,0,0,0,0,0,0,0,0,0,0,0,0,0,0,0,0,0,0,0,0,0,0,0,0,0,0,0,0,0,0,0,0,0
-0.22785523533821106,0.4231293201446533,-0.017626548185944557,-0.21326637268066406,0.3571716547012329,-0.03314719349145889,-0.19400909543037415,0.3035584092140198,-0.0455743633210659,-0.27306634187698364,0.33394956588745117,-0.00432106526568532,-0.23705360293388367,0.3197396993637085,-0.012730145826935768,-0.2285161316394806,0.3700270652770996,-0.017520813271403313,-0.2328711450099945,0.398425817489624,-0.02241283841431141,-0.2918335795402527,0.3506600260734558,-0.01512373797595501,-0.24987779557704926,0.34323596954345703,-0.030169552192091942,-0.24240005016326904,0.39669477939605713,-0.03815421089529991,-0.24720130860805511,0.4238954186439514,-0.043721672147512436,-0.3070562332868576,0.37874501943588257,-0.026492850854992867,-0.27121174335479736,0.3704836368560791,-0.038452621549367905,-0.25991159677505493,0.42402684688568115,-0.03872019425034523,-0.2588808983564377,0.4534480571746826,-0.03794633224606514,-0.3209957480430603,0.41567283868789673,-0.03937811776995659,-0.3185228407382965,0.35687965154647827,-0.050395719707012177,-0.31148001551628113,0.3190866708755493,-0.05435517802834511,-0.3060635030269623,0.27646076679229736,-0.05698296055197716,0,0,0,0,0,0,0,0,0,0,0,0,0,0,0,0,0,0,0,0,0,0,0,0,0,0,0,0,0,0,0,0,0,0,0,0,0,0,0,0,0,0,0,0,0,0,0,0,0,0,0,0,0,0,0,0,0
